chain,layer,stage,step,n_tokens,n_features,n_alive,frac_alive,entropy_bits,effective_features,mean_density,max_density
flexible,6,instruct_base,0,89148,7168,6138,0.8563057780265808,11.18321501568935,2325.3223596461885,0.008928571827709675,0.4688495397567749
flexible,6,ppo_step10,10,89148,7168,6520,0.9095982313156128,11.656859991690355,3228.9737375646055,0.008928571827709675,0.5081886053085327
flexible,6,ppo_step30,30,89148,7168,6762,0.943359375,11.630528670670069,3170.5747402076568,0.008928571827709675,0.39515188336372375
flexible,6,ppo_step60,60,89148,7168,6444,0.8989955186843872,11.542785028616148,2983.4895918775974,0.008928571827709675,0.4887378215789795
flexible,6,ppo_step100,100,89148,7168,7010,0.9779576063156128,11.53956035158234,2976.82841538309,0.008928571827709675,0.5224906802177429
flexible,6,ppo_step140,140,89148,7168,6960,0.9709821343421936,11.536979060503457,2971.506992424304,0.008928571827709675,0.5343137383460999
flexible,6,ppo_step180,180,89148,7168,6984,0.9743303656578064,11.534162520223237,2965.7114468995824,0.008928571827709675,0.5671243071556091
flexible,6,ppo_step200,200,89148,7168,7093,0.9895368218421936,11.562394784571945,3024.319375902503,0.008928571827709675,0.6175012588500977
flexible,12,instruct_base,0,89148,7168,6178,0.8618861436843872,11.430232219785967,2759.578518303416,0.008928571827709675,0.5508480072021484
flexible,12,ppo_step10,10,89148,7168,6617,0.9231305718421936,11.69711556889997,3320.340700463237,0.008928571827709675,0.5632543563842773
flexible,12,ppo_step30,30,89148,7168,6917,0.9649832844734192,11.817838147990392,3610.1376925974964,0.008928571827709675,0.564678966999054
flexible,12,ppo_step60,60,89148,7168,6512,0.9084821343421936,11.949314484231296,3954.595677950068,0.008928571827709675,0.5783976912498474
flexible,12,ppo_step100,100,89148,7168,6765,0.9437779188156128,12.001392687238749,4099.955930402375,0.008928571827709675,0.5941131711006165
flexible,12,ppo_step140,140,89148,7168,6594,0.919921875,11.988518291013868,4063.531298474844,0.0089285708963871,0.625039279460907
flexible,12,ppo_step180,180,89148,7168,6943,0.9686104655265808,12.010367416959857,4125.540467270713,0.0089285708963871,0.6378830671310425
flexible,12,ppo_step200,200,89148,7168,7055,0.9842354655265808,12.018651087881416,4149.296644877174,0.0089285708963871,0.662875235080719
flexible,18,instruct_base,0,89148,7168,6662,0.9294084906578064,11.576949226273221,3054.984248678208,0.0089285708963871,0.8190425038337708
flexible,18,ppo_step10,10,89148,7168,6479,0.9038783311843872,11.790429437051879,3542.198724315726,0.0089285708963871,0.7516264915466309
flexible,18,ppo_step30,30,89148,7168,7108,0.9916294813156128,12.0054676434455,4111.552808227015,0.008928571827709675,0.9250011444091797
flexible,18,ppo_step60,60,89148,7168,7146,0.9969307780265808,12.147927586740419,4538.272701404209,0.0089285708963871,0.9454727172851562
flexible,18,ppo_step100,100,89148,7168,7115,0.9926060438156128,12.191329911952042,4676.877454944065,0.008928569965064526,0.9396845698356628
flexible,18,ppo_step140,140,89148,7168,7138,0.9958147406578064,12.205746930989486,4723.848336176942,0.008928571827709675,0.9273791909217834
flexible,18,ppo_step180,180,89148,7168,7146,0.9969307780265808,12.226305605308925,4791.645976230919,0.008928569965064526,0.8330192565917969
flexible,18,ppo_step200,200,89148,7168,7141,0.9962332844734192,12.235418440721494,4822.008373005943,0.0089285708963871,0.7017319798469543
flexible,23,instruct_base,0,89148,7168,7168,1.0,12.518582342063052,5867.711980664133,0.0357142835855484,0.4122582674026489
flexible,23,ppo_step10,10,89148,7168,7168,1.0,12.516731514266734,5860.189142573237,0.0357142873108387,0.5561201572418213
flexible,23,ppo_step30,30,89148,7168,7168,1.0,12.462938767011261,5645.707878050165,0.0357142873108387,0.6735204458236694
flexible,23,ppo_step60,60,89148,7168,7168,1.0,12.39815998981954,5397.815647934623,0.0357142873108387,0.7271503806114197
flexible,23,ppo_step100,100,89148,7168,7168,1.0,12.32008984941232,5113.480380148093,0.0357142873108387,0.7513124346733093
flexible,23,ppo_step140,140,89148,7168,7168,1.0,12.244339371136197,4851.9177246458,0.0357142873108387,0.7679476737976074
flexible,23,ppo_step180,180,89148,7168,7168,1.0,12.170010535112798,4608.2732045417815,0.0357142873108387,0.7767532467842102
flexible,23,ppo_step200,200,89148,7168,7168,1.0,12.104870345044553,4404.82914367588,0.0357142835855484,0.7771570682525635
strict,6,instruct_base,0,44574,7168,5943,0.8291015625,11.176698522452474,2314.8428221284016,0.008928571827709675,0.4732804000377655
strict,6,ppo_step10,10,44574,7168,6453,0.9002510905265808,11.564008056972849,3027.7031679186516,0.008928571827709675,0.5213801860809326
strict,6,ppo_step30,30,44574,7168,6661,0.9292689561843872,11.578794756626458,3058.894759016927,0.008928571827709675,0.48523804545402527
strict,6,ppo_step50,50,44574,7168,7095,0.9898158311843872,11.652004028138089,3218.123613556861,0.008928571827709675,0.48793017864227295
strict,6,ppo_step80,80,44574,7168,6982,0.9740513563156128,11.54942173896551,2997.245908378652,0.008928571827709675,0.7505047917366028
strict,6,ppo_step116,116,44574,7168,7104,0.9910714030265808,11.509936311728096,2916.326055517999,0.008928571827709675,0.507717490196228
strict,12,instruct_base,0,44574,7168,5930,0.8272879719734192,11.421398598145709,2742.733243654538,0.008928571827709675,0.5496029257774353
strict,12,ppo_step10,10,44574,7168,6678,0.931640625,11.881339191092367,3772.5889224193334,0.008928571827709675,0.5904114246368408
strict,12,ppo_step30,30,44574,7168,6556,0.9146205186843872,11.940153640103066,3929.564290225776,0.008928571827709675,0.6140799522399902
strict,12,ppo_step50,50,44574,7168,6789,0.9471260905265808,11.995092779771056,4082.091427551413,0.0089285708963871,0.6298739314079285
strict,12,ppo_step80,80,44574,7168,6727,0.9384765625,12.004353892597553,4108.379942043747,0.008928571827709675,0.6680351495742798
strict,12,ppo_step116,116,44574,7168,7110,0.9919084906578064,12.03257925477626,4189.549064606515,0.008928571827709675,0.6856014728546143
strict,18,instruct_base,0,44574,7168,6407,0.8938336968421936,11.557566263066645,3014.2142734578247,0.008928571827709675,0.8142639398574829
strict,18,ppo_step10,10,44574,7168,6527,0.9105747938156128,11.790416324296551,3542.166529172058,0.008928571827709675,0.8340287804603577
strict,18,ppo_step30,30,44574,7168,7022,0.9796317219734192,11.975041704294176,4025.7495431626057,0.008928571827709675,0.8677255511283875
strict,18,ppo_step50,50,44574,7168,7134,0.9952567219734192,12.083531750803196,4340.157706232405,0.008928571827709675,0.6018306612968445
strict,18,ppo_step80,80,44574,7168,7095,0.9898158311843872,12.078192555252002,4324.12512615054,0.008928571827709675,0.6959213614463806
strict,18,ppo_step116,116,44574,7168,7123,0.9937220811843872,12.113978244730717,4432.725299733101,0.0089285708963871,0.7271952033042908
strict,23,instruct_base,0,44574,7168,7168,1.0,12.515432369224062,5854.914425025723,0.0357142835855484,0.48671871423721313
strict,23,ppo_step10,10,44574,7168,7168,1.0,12.471184494459326,5678.06832687662,0.0357142873108387,0.6239063143730164
strict,23,ppo_step30,30,44574,7168,7168,1.0,12.396714689155257,5392.410791158278,0.0357142835855484,0.6837169528007507
strict,23,ppo_step50,50,44574,7168,7168,1.0,12.316730068610067,5101.585847027799,0.0357142873108387,0.7089110016822815
strict,23,ppo_step80,80,44574,7168,7168,1.0,12.248723717569884,4866.685117514808,0.0357142798602581,0.7201282978057861
strict,23,ppo_step116,116,44574,7168,7168,1.0,12.18764388869683,4664.943487773822,0.0357142873108387,0.7243684530258179
shuffled,6,instruct_base,0,44574,7168,6002,0.8373326063156128,11.23062916154408,2403.0137055546616,0.008928571827709675,0.49690401554107666
shuffled,6,ppo_step10,10,44574,7168,6249,0.8717913031578064,11.44170873706863,2781.618278492068,0.008928571827709675,0.5174541473388672
shuffled,6,ppo_step30,30,44574,7168,6385,0.8907645344734192,11.554950451969454,3008.754026297535,0.008928571827709675,0.5576344728469849
shuffled,12,instruct_base,0,44574,7168,6038,0.8423548936843872,11.460458332917346,2818.004759402458,0.008928571827709675,0.45580384135246277
shuffled,12,ppo_step10,10,44574,7168,6623,0.9239676594734192,11.879224677675374,3767.0636058677787,0.00892857275903225,0.5524296760559082
shuffled,12,ppo_step30,30,44574,7168,6630,0.9249442219734192,11.965418983596397,3998.987298602202,0.008928571827709675,0.6125544309616089
shuffled,18,instruct_base,0,44574,7168,6420,0.8956473469734192,11.639058787143856,3189.376693118392,0.0089285708963871,0.8661102652549744
shuffled,18,ppo_step10,10,44574,7168,7076,0.9871651530265808,11.783613979967456,3525.504434595631,0.008928571827709675,0.8854264616966248
shuffled,18,ppo_step30,30,44574,7168,6968,0.9720982313156128,11.947811206209483,3950.4771633467944,0.0089285708963871,0.9241935014724731
shuffled,23,instruct_base,0,44574,7168,7168,1.0,12.185324480333072,4657.449723840633,0.008928571827709675,0.3470408618450165
shuffled,23,ppo_step10,10,44574,7168,7167,0.9998604655265808,12.31486648664038,5095.000196310933,0.008928571827709675,0.35381612181663513
shuffled,23,ppo_step30,30,44574,7168,7168,1.0,12.329475516820871,5146.855333319977,0.008928571827709675,0.37308743596076965
