training_regime,chain,stage,layer,k,d_sae,nmse,mean_l0,L_base,L_sae,L_mean,frac_rec,step,n_tokens,mse,var,nmse_recomputed,mean_l0_raw,n_dead,dead_frac,dead_latents_pct,frac_rec_pct,delta_loss,expansion,model,architecture,optimizer,lr,checkpoint
SFT,sft,instruct_base,6,64,7168,0.00050000,64.00000000,2.44450000,2.62080000,11.60410000,0.98070000,0,89148,0.02378800,45.22253000,0.00052600,64.00000000,43,0.00599900,0.59990000,98.07000000,0.17630000,8.00000000,Qwen2.5-0.5B-Instruct,TopK,Adam,0.00010000,instruct_base
SFT,sft,sft_step29,6,64,7168,0.00040000,64.00000000,2.50160000,2.65230000,12.19010000,0.98440000,29,44574,0.02084700,46.78695700,0.00044600,64.00000000,255,0.03557500,3.55750000,98.44000000,0.15070000,8.00000000,Qwen2.5-0.5B-Instruct,TopK,Adam,0.00010000,sft_step29
SFT,sft,sft_step58,6,64,7168,0.00040000,64.00000000,2.41530000,2.53840000,11.82030000,0.98690000,58,44574,0.01941600,46.71980300,0.00041600,64.00000000,278,0.03878300,3.87830000,98.69000000,0.12310000,8.00000000,Qwen2.5-0.5B-Instruct,TopK,Adam,0.00010000,sft_step58
SFT,sft,sft_step116,6,64,7168,0.00040000,64.00000000,2.39980000,2.49370000,12.01540000,0.99020000,116,44574,0.01790700,46.48318100,0.00038500,64.00000000,66,0.00920800,0.92080000,99.02000000,0.09390000,8.00000000,Qwen2.5-0.5B-Instruct,TopK,Adam,0.00010000,sft_step116
SFT,sft,sft_step174,6,64,7168,0.00040000,64.00000000,2.92270000,3.07870000,12.05780000,0.98290000,174,44574,0.01763100,47.00894500,0.00037500,64.00000000,83,0.01157900,1.15790000,98.29000000,0.15600000,8.00000000,Qwen2.5-0.5B-Instruct,TopK,Adam,0.00010000,sft_step174
SFT,sft,sft_step232,6,64,7168,0.00040000,64.00000000,2.98750000,3.14100000,11.93420000,0.98290000,232,44574,0.01725800,46.67952700,0.00037000,64.00000000,52,0.00725400,0.72540000,98.29000000,0.15350000,8.00000000,Qwen2.5-0.5B-Instruct,TopK,Adam,0.00010000,sft_step232
SFT,sft,sft_step290,6,64,7168,0.00040000,64.00000000,3.62150000,3.84890000,11.97020000,0.97280000,290,44574,0.01724200,46.69858200,0.00036900,64.00000000,36,0.00502200,0.50220000,97.28000000,0.22740000,8.00000000,Qwen2.5-0.5B-Instruct,TopK,Adam,0.00010000,sft_step290
SFT,sft,sft_step348,6,64,7168,0.00040000,64.00000000,3.57400000,3.76000000,11.97400000,0.97790000,348,44574,0.01685400,46.75589000,0.00036000,64.00000000,16,0.00223200,0.22320000,97.79000000,0.18600000,8.00000000,Qwen2.5-0.5B-Instruct,TopK,Adam,0.00010000,sft_step348
SFT,sft,instruct_base,12,64,7168,0.00090000,64.00000000,2.44450000,2.76610000,10.14950000,0.95830000,0,89148,0.04081300,45.68994900,0.00089300,64.00000000,80,0.01116100,1.11610000,95.83000000,0.32160000,8.00000000,Qwen2.5-0.5B-Instruct,TopK,Adam,0.00010000,instruct_base
SFT,sft,sft_step29,12,64,7168,0.00080000,64.00000000,2.50160000,2.75080000,10.19160000,0.96760000,29,44574,0.03789300,47.26171900,0.00080200,64.00000000,178,0.02483300,2.48330000,96.76000000,0.24920000,8.00000000,Qwen2.5-0.5B-Instruct,TopK,Adam,0.00010000,sft_step29
SFT,sft,sft_step58,12,64,7168,0.00080000,64.00000000,2.41530000,2.58970000,9.71980000,0.97610000,58,44574,0.03729400,47.19483900,0.00079000,64.00000000,51,0.00711500,0.71150000,97.61000000,0.17440000,8.00000000,Qwen2.5-0.5B-Instruct,TopK,Adam,0.00010000,sft_step58
SFT,sft,sft_step116,12,64,7168,0.00080000,64.00000000,2.39980000,2.54330000,9.83640000,0.98070000,116,44574,0.03545400,46.95888900,0.00075500,64.00000000,111,0.01548500,1.54850000,98.07000000,0.14350000,8.00000000,Qwen2.5-0.5B-Instruct,TopK,Adam,0.00010000,sft_step116
SFT,sft,sft_step174,12,64,7168,0.00080000,64.00000000,2.92270000,3.18310000,10.05300000,0.96350000,174,44574,0.03694400,47.48354700,0.00077800,64.00000000,49,0.00683600,0.68360000,96.35000000,0.26040000,8.00000000,Qwen2.5-0.5B-Instruct,TopK,Adam,0.00010000,sft_step174
SFT,sft,sft_step232,12,64,7168,0.00080000,64.00000000,2.98750000,3.23640000,9.85640000,0.96380000,232,44574,0.03624900,47.15081400,0.00076900,64.00000000,56,0.00781200,0.78120000,96.38000000,0.24890000,8.00000000,Qwen2.5-0.5B-Instruct,TopK,Adam,0.00010000,sft_step232
SFT,sft,sft_step290,12,64,7168,0.00080000,64.00000000,3.62150000,4.00100000,10.08290000,0.94130000,290,44574,0.03708700,47.16626400,0.00078600,64.00000000,28,0.00390600,0.39060000,94.13000000,0.37950000,8.00000000,Qwen2.5-0.5B-Instruct,TopK,Adam,0.00010000,sft_step290
SFT,sft,sft_step348,12,64,7168,0.00080000,64.00000000,3.57400000,3.95810000,10.07360000,0.94090000,348,44574,0.03620800,47.22404500,0.00076700,64.00000000,57,0.00795200,0.79520000,94.09000000,0.38410000,8.00000000,Qwen2.5-0.5B-Instruct,TopK,Adam,0.00010000,sft_step348
SFT,sft,instruct_base,18,64,7168,0.00380000,64.00000000,2.44450000,2.83560000,10.79440000,0.95320000,0,89148,0.17842800,46.41801100,0.00384400,64.00000000,29,0.00404600,0.40460000,95.32000000,0.39110000,8.00000000,Qwen2.5-0.5B-Instruct,TopK,Adam,0.00010000,instruct_base
SFT,sft,sft_step29,18,64,7168,0.00360000,64.00000000,2.50160000,2.79910000,10.80370000,0.96420000,29,44574,0.17168800,47.97502500,0.00357900,64.00000000,117,0.01632300,1.63230000,96.42000000,0.29750000,8.00000000,Qwen2.5-0.5B-Instruct,TopK,Adam,0.00010000,sft_step29
SFT,sft,sft_step58,18,64,7168,0.00360000,64.00000000,2.41530000,2.60040000,10.44930000,0.97700000,58,44574,0.17119700,47.93648900,0.00357100,64.00000000,30,0.00418500,0.41850000,97.70000000,0.18510000,8.00000000,Qwen2.5-0.5B-Instruct,TopK,Adam,0.00010000,sft_step58
SFT,sft,sft_step116,18,64,7168,0.00350000,64.00000000,2.39980000,2.56890000,10.29370000,0.97860000,116,44574,0.16628500,47.70956800,0.00348500,64.00000000,30,0.00418500,0.41850000,97.86000000,0.16910000,8.00000000,Qwen2.5-0.5B-Instruct,TopK,Adam,0.00010000,sft_step116
SFT,sft,sft_step174,18,64,7168,0.00390000,64.00000000,2.92270000,3.24050000,11.02680000,0.96080000,174,44574,0.18891600,48.15478900,0.00392300,64.00000000,6,0.00083700,0.08370000,96.08000000,0.31780000,8.00000000,Qwen2.5-0.5B-Instruct,TopK,Adam,0.00010000,sft_step174
SFT,sft,sft_step232,18,64,7168,0.00390000,64.00000000,2.98750000,3.28850000,10.82030000,0.96160000,232,44574,0.18818500,47.80957000,0.00393600,64.00000000,13,0.00181400,0.18140000,96.16000000,0.30100000,8.00000000,Qwen2.5-0.5B-Instruct,TopK,Adam,0.00010000,sft_step232
SFT,sft,sft_step290,18,64,7168,0.00420000,64.00000000,3.62150000,4.06020000,10.84780000,0.93930000,290,44574,0.19861900,47.78463000,0.00415700,64.00000000,6,0.00083700,0.08370000,93.93000000,0.43870000,8.00000000,Qwen2.5-0.5B-Instruct,TopK,Adam,0.00010000,sft_step290
SFT,sft,sft_step348,18,64,7168,0.00410000,64.00000000,3.57400000,4.00840000,10.81540000,0.94000000,348,44574,0.19799100,47.84379600,0.00413800,64.00000000,6,0.00083700,0.08370000,94.00000000,0.43440000,8.00000000,Qwen2.5-0.5B-Instruct,TopK,Adam,0.00010000,sft_step348
SFT,sft,instruct_base,23,256,7168,0.17720000,256.00000000,2.44450000,2.72330000,15.62020000,0.97880000,0,89148,0.53794400,3.03565000,0.17720900,256.00000000,0,0.00000000,0.00000000,97.88000000,0.27880000,8.00000000,Qwen2.5-0.5B-Instruct,TopK,Adam,0.00010000,instruct_base
SFT,sft,sft_step29,23,64,7168,0.30080000,64.00000000,2.50160000,3.15010000,14.93380000,0.94780000,29,44574,0.96599700,3.21162300,0.30078100,64.00000000,0,0.00000000,0.00000000,94.78000000,0.64850000,8.00000000,Qwen2.5-0.5B-Instruct,TopK,Adam,0.00010000,sft_step29
SFT,sft,sft_step58,23,64,7168,0.27560000,64.00000000,2.41530000,2.93950000,13.13740000,0.95110000,58,44574,0.95900900,3.47949000,0.27561800,64.00000000,0,0.00000000,0.00000000,95.11000000,0.52420000,8.00000000,Qwen2.5-0.5B-Instruct,TopK,Adam,0.00010000,sft_step58
SFT,sft,sft_step116,23,64,7168,0.26110000,64.00000000,2.39980000,2.88960000,12.93770000,0.95350000,116,44574,0.93083600,3.56563800,0.26105700,64.00000000,0,0.00000000,0.00000000,95.35000000,0.48980000,8.00000000,Qwen2.5-0.5B-Instruct,TopK,Adam,0.00010000,sft_step116
SFT,sft,sft_step174,23,64,7168,0.33900000,64.00000000,2.92270000,3.65570000,18.41800000,0.95270000,174,44574,1.09624200,3.23396200,0.33897800,64.00000000,0,0.00000000,0.00000000,95.27000000,0.73300000,8.00000000,Qwen2.5-0.5B-Instruct,TopK,Adam,0.00010000,sft_step174
SFT,sft,sft_step232,23,64,7168,0.34550000,64.00000000,2.98750000,3.72430000,19.22430000,0.95460000,232,44574,1.10765800,3.20570100,0.34552800,64.00000000,0,0.00000000,0.00000000,95.46000000,0.73680000,8.00000000,Qwen2.5-0.5B-Instruct,TopK,Adam,0.00010000,sft_step232
SFT,sft,sft_step290,23,64,7168,0.37050000,64.00000000,3.62150000,4.49510000,23.02390000,0.95500000,290,44574,1.15531600,3.11815700,0.37051300,64.00000000,0,0.00000000,0.00000000,95.50000000,0.87360000,8.00000000,Qwen2.5-0.5B-Instruct,TopK,Adam,0.00010000,sft_step290
SFT,sft,sft_step348,23,64,7168,0.37090000,64.00000000,3.57400000,4.45220000,22.85620000,0.95450000,348,44574,1.15989500,3.12757000,0.37086100,64.00000000,0,0.00000000,0.00000000,95.45000000,0.87820000,8.00000000,Qwen2.5-0.5B-Instruct,TopK,Adam,0.00010000,sft_step348
PPO,flexible,instruct_base,6,64,7168,0.00050000,64.00000000,2.43880000,2.60400000,11.55460000,0.98190000,0,89148,0.02378800,45.22253000,0.00052600,64.00000000,43,0.00599900,0.59990000,98.19000000,0.16520000,8.00000000,Qwen2.5-0.5B-Instruct,TopK,Adam,0.00010000,instruct_base
PPO,flexible,ppo_step10,6,64,7168,0.00050000,64.00000000,2.46220000,2.56640000,11.57660000,0.98860000,10,89148,0.02041300,45.23480600,0.00045100,64.00000000,174,0.02427500,2.42750000,98.86000000,0.10420000,8.00000000,Qwen2.5-0.5B-Instruct,TopK,Adam,0.00010000,ppo_step10
PPO,flexible,ppo_step30,6,64,7168,0.00040000,64.00000000,2.60710000,2.71420000,11.60140000,0.98810000,30,89148,0.01883300,45.23960100,0.00041600,64.00000000,157,0.02190300,2.19030000,98.81000000,0.10710000,8.00000000,Qwen2.5-0.5B-Instruct,TopK,Adam,0.00010000,ppo_step30
PPO,flexible,ppo_step60,6,64,7168,0.00040000,64.00000000,2.81640000,2.91720000,11.64720000,0.98860000,60,89148,0.01667300,45.18436800,0.00036900,64.00000000,71,0.00990500,0.99050000,98.86000000,0.10080000,8.00000000,Qwen2.5-0.5B-Instruct,TopK,Adam,0.00010000,ppo_step60
PPO,flexible,ppo_step100,6,64,7168,0.00040000,64.00000000,3.06340000,3.19230000,11.66280000,0.98500000,100,89148,0.01654900,45.13591400,0.00036700,64.00000000,16,0.00223200,0.22320000,98.50000000,0.12890000,8.00000000,Qwen2.5-0.5B-Instruct,TopK,Adam,0.00010000,ppo_step100
PPO,flexible,ppo_step140,6,64,7168,0.00040000,64.00000000,3.17180000,3.32680000,11.60190000,0.98160000,140,89148,0.01662700,45.10624300,0.00036900,64.00000000,104,0.01450900,1.45090000,98.16000000,0.15500000,8.00000000,Qwen2.5-0.5B-Instruct,TopK,Adam,0.00010000,ppo_step140
PPO,flexible,ppo_step180,6,64,7168,0.00040000,64.00000000,3.24110000,3.39910000,11.78870000,0.98150000,180,89148,0.01575200,44.96047600,0.00035000,64.00000000,20,0.00279000,0.27900000,98.15000000,0.15800000,8.00000000,Qwen2.5-0.5B-Instruct,TopK,Adam,0.00010000,ppo_step180
PPO,flexible,ppo_step200,6,64,7168,0.00040000,64.00000000,3.22760000,3.39030000,11.83720000,0.98110000,200,89148,0.01580800,44.99652100,0.00035100,64.00000000,49,0.00683600,0.68360000,98.11000000,0.16270000,8.00000000,Qwen2.5-0.5B-Instruct,TopK,Adam,0.00010000,ppo_step200
PPO,flexible,instruct_base,12,64,7168,0.00090000,64.00000000,2.43880000,2.74180000,10.10970000,0.96050000,0,89148,0.04081300,45.68994900,0.00089300,64.00000000,80,0.01116100,1.11610000,96.05000000,0.30300000,8.00000000,Qwen2.5-0.5B-Instruct,TopK,Adam,0.00010000,instruct_base
PPO,flexible,ppo_step10,12,64,7168,0.00080000,64.00000000,2.46220000,2.74790000,10.11380000,0.96270000,10,89148,0.03877800,45.70230500,0.00084800,64.00000000,58,0.00809200,0.80920000,96.27000000,0.28570000,8.00000000,Qwen2.5-0.5B-Instruct,TopK,Adam,0.00010000,ppo_step10
PPO,flexible,ppo_step30,12,64,7168,0.00080000,64.00000000,2.60710000,2.87390000,10.19000000,0.96480000,30,89148,0.03679700,45.70770300,0.00080500,64.00000000,51,0.00711500,0.71150000,96.48000000,0.26680000,8.00000000,Qwen2.5-0.5B-Instruct,TopK,Adam,0.00010000,ppo_step30
PPO,flexible,ppo_step60,12,64,7168,0.00070000,64.00000000,2.81640000,3.07080000,10.35770000,0.96630000,60,89148,0.03346600,45.65264500,0.00073300,64.00000000,76,0.01060300,1.06030000,96.63000000,0.25440000,8.00000000,Qwen2.5-0.5B-Instruct,TopK,Adam,0.00010000,ppo_step60
PPO,flexible,ppo_step100,12,64,7168,0.00070000,64.00000000,3.06340000,3.34380000,10.54810000,0.96250000,100,89148,0.03242400,45.60456100,0.00071100,64.00000000,59,0.00823100,0.82310000,96.25000000,0.28040000,8.00000000,Qwen2.5-0.5B-Instruct,TopK,Adam,0.00010000,ppo_step100
PPO,flexible,ppo_step140,12,64,7168,0.00070000,64.00000000,3.17180000,3.42600000,10.57180000,0.96560000,140,89148,0.03147300,45.57363500,0.00069100,64.00000000,59,0.00823100,0.82310000,96.56000000,0.25420000,8.00000000,Qwen2.5-0.5B-Instruct,TopK,Adam,0.00010000,ppo_step140
PPO,flexible,ppo_step180,12,64,7168,0.00070000,64.00000000,3.24110000,3.52450000,10.71250000,0.96210000,180,89148,0.03122100,45.42641800,0.00068700,64.00000000,41,0.00572000,0.57200000,96.21000000,0.28340000,8.00000000,Qwen2.5-0.5B-Instruct,TopK,Adam,0.00010000,ppo_step180
PPO,flexible,ppo_step200,12,64,7168,0.00070000,64.00000000,3.22760000,3.52830000,10.76010000,0.96010000,200,89148,0.03043900,45.46381400,0.00067000,64.00000000,47,0.00655700,0.65570000,96.01000000,0.30070000,8.00000000,Qwen2.5-0.5B-Instruct,TopK,Adam,0.00010000,ppo_step200
PPO,flexible,instruct_base,18,64,7168,0.00380000,64.00000000,2.43880000,2.80830000,10.75790000,0.95560000,0,89148,0.17842800,46.41801100,0.00384400,64.00000000,29,0.00404600,0.40460000,95.56000000,0.36950000,8.00000000,Qwen2.5-0.5B-Instruct,TopK,Adam,0.00010000,instruct_base
PPO,flexible,ppo_step10,18,64,7168,0.00350000,64.00000000,2.46220000,2.75630000,10.77620000,0.96460000,10,89148,0.16377700,46.42724600,0.00352800,64.00000000,123,0.01716000,1.71600000,96.46000000,0.29410000,8.00000000,Qwen2.5-0.5B-Instruct,TopK,Adam,0.00010000,ppo_step10
PPO,flexible,ppo_step30,18,64,7168,0.00340000,64.00000000,2.60710000,2.91640000,10.92190000,0.96280000,30,89148,0.15910200,46.41766400,0.00342800,64.00000000,41,0.00572000,0.57200000,96.28000000,0.30930000,8.00000000,Qwen2.5-0.5B-Instruct,TopK,Adam,0.00010000,ppo_step30
PPO,flexible,ppo_step60,18,64,7168,0.00340000,64.00000000,2.81640000,3.17440000,11.09840000,0.95680000,60,89148,0.15740700,46.34728600,0.00339600,64.00000000,4,0.00055800,0.05580000,95.68000000,0.35800000,8.00000000,Qwen2.5-0.5B-Instruct,TopK,Adam,0.00010000,ppo_step60
PPO,flexible,ppo_step100,18,64,7168,0.00340000,64.00000000,3.06340000,3.49040000,11.26570000,0.94790000,100,89148,0.15793400,46.28430900,0.00341200,64.00000000,8,0.00111600,0.11160000,94.79000000,0.42700000,8.00000000,Qwen2.5-0.5B-Instruct,TopK,Adam,0.00010000,ppo_step100
PPO,flexible,ppo_step140,18,64,7168,0.00340000,64.00000000,3.17180000,3.64630000,11.37900000,0.94220000,140,89148,0.15729300,46.25447100,0.00340100,64.00000000,4,0.00055800,0.05580000,94.22000000,0.47450000,8.00000000,Qwen2.5-0.5B-Instruct,TopK,Adam,0.00010000,ppo_step140
PPO,flexible,ppo_step180,18,64,7168,0.00340000,64.00000000,3.24110000,3.73220000,11.43730000,0.94010000,180,89148,0.15795500,46.10414100,0.00342600,64.00000000,5,0.00069800,0.06980000,94.01000000,0.49110000,8.00000000,Qwen2.5-0.5B-Instruct,TopK,Adam,0.00010000,ppo_step180
PPO,flexible,ppo_step200,18,64,7168,0.00340000,64.00000000,3.22760000,3.74830000,11.44550000,0.93660000,200,89148,0.15668500,46.14410800,0.00339600,64.00000000,12,0.00167400,0.16740000,93.66000000,0.52070000,8.00000000,Qwen2.5-0.5B-Instruct,TopK,Adam,0.00010000,ppo_step200
PPO,flexible,instruct_base,23,256,7168,0.17720000,256.00000000,2.43880000,2.70710000,15.48030000,0.97940000,0,89148,0.53794400,3.03565000,0.17720900,256.00000000,0,0.00000000,0.00000000,97.94000000,0.26830000,8.00000000,Qwen2.5-0.5B-Instruct,TopK,Adam,0.00010000,instruct_base
PPO,flexible,ppo_step10,23,256,7168,0.16730000,256.00000000,2.46220000,2.71060000,15.76150000,0.98130000,10,89148,0.50631800,3.02575700,0.16733600,256.00000000,0,0.00000000,0.00000000,98.13000000,0.24840000,8.00000000,Qwen2.5-0.5B-Instruct,TopK,Adam,0.00010000,ppo_step10
PPO,flexible,ppo_step30,23,256,7168,0.16650000,256.00000000,2.60710000,2.85220000,17.17220000,0.98320000,30,89148,0.49434600,2.96871700,0.16651800,256.00000000,0,0.00000000,0.00000000,98.32000000,0.24510000,8.00000000,Qwen2.5-0.5B-Instruct,TopK,Adam,0.00010000,ppo_step30
PPO,flexible,ppo_step60,23,256,7168,0.16520000,256.00000000,2.81640000,3.06060000,18.75050000,0.98470000,60,89148,0.48283600,2.92210000,0.16523600,256.00000000,0,0.00000000,0.00000000,98.47000000,0.24420000,8.00000000,Qwen2.5-0.5B-Instruct,TopK,Adam,0.00010000,ppo_step60
PPO,flexible,ppo_step100,23,256,7168,0.16160000,256.00000000,3.06340000,3.31520000,19.83510000,0.98500000,100,89148,0.46536100,2.87995000,0.16158600,256.00000000,0,0.00000000,0.00000000,98.50000000,0.25180000,8.00000000,Qwen2.5-0.5B-Instruct,TopK,Adam,0.00010000,ppo_step100
PPO,flexible,ppo_step140,23,256,7168,0.15700000,256.00000000,3.17180000,3.42340000,20.09870000,0.98510000,140,89148,0.44785800,2.85332200,0.15696000,256.00000000,0,0.00000000,0.00000000,98.51000000,0.25160000,8.00000000,Qwen2.5-0.5B-Instruct,TopK,Adam,0.00010000,ppo_step140
PPO,flexible,ppo_step180,23,256,7168,0.15280000,256.00000000,3.24110000,3.49140000,20.43950000,0.98540000,180,89148,0.43307000,2.83412100,0.15280600,256.00000000,0,0.00000000,0.00000000,98.54000000,0.25030000,8.00000000,Qwen2.5-0.5B-Instruct,TopK,Adam,0.00010000,ppo_step180
PPO,flexible,ppo_step200,23,256,7168,0.14850000,256.00000000,3.22760000,3.46680000,20.23250000,0.98590000,200,89148,0.41926400,2.82239700,0.14854900,256.00000000,0,0.00000000,0.00000000,98.59000000,0.23920000,8.00000000,Qwen2.5-0.5B-Instruct,TopK,Adam,0.00010000,ppo_step200
PPO,kl0p025,instruct_base,6,64,7168,0.00050000,64.00000000,2.43880000,2.60890000,11.55460000,0.98130000,0,44574,0.02403600,47.04707000,0.00051100,64.00000000,156,0.02176300,2.17630000,98.13000000,0.17010000,8.00000000,Qwen2.5-0.5B-Instruct,TopK,Adam,0.00010000,instruct_base
PPO,kl0p025,ppo_step10,6,64,7168,0.00050000,64.00000000,2.45750000,2.61200000,11.55600000,0.98300000,10,44574,0.02184300,47.05231900,0.00046400,64.00000000,199,0.02776200,2.77620000,98.30000000,0.15450000,8.00000000,Qwen2.5-0.5B-Instruct,TopK,Adam,0.00010000,ppo_step10
PPO,kl0p025,ppo_step30,6,64,7168,0.00040000,64.00000000,2.58380000,2.71130000,11.59870000,0.98590000,30,44574,0.01842300,47.02972400,0.00039200,64.00000000,225,0.03139000,3.13900000,98.59000000,0.12750000,8.00000000,Qwen2.5-0.5B-Instruct,TopK,Adam,0.00010000,ppo_step30
PPO,kl0p025,instruct_base,12,64,7168,0.00080000,64.00000000,2.43880000,2.71000000,10.10970000,0.96470000,0,44574,0.04030900,47.52871700,0.00084800,64.00000000,110,0.01534600,1.53460000,96.47000000,0.27120000,8.00000000,Qwen2.5-0.5B-Instruct,TopK,Adam,0.00010000,instruct_base
PPO,kl0p025,ppo_step10,12,64,7168,0.00080000,64.00000000,2.45750000,2.66380000,10.10640000,0.97300000,10,44574,0.03595400,47.53390100,0.00075600,64.00000000,312,0.04352700,4.35270000,97.30000000,0.20630000,8.00000000,Qwen2.5-0.5B-Instruct,TopK,Adam,0.00010000,ppo_step10
PPO,kl0p025,ppo_step30,12,64,7168,0.00070000,64.00000000,2.58380000,2.80540000,10.16310000,0.97080000,30,44574,0.03299500,47.51135300,0.00069400,64.00000000,114,0.01590400,1.59040000,97.08000000,0.22160000,8.00000000,Qwen2.5-0.5B-Instruct,TopK,Adam,0.00010000,ppo_step30
PPO,kl0p025,instruct_base,18,64,7168,0.00370000,64.00000000,2.43880000,2.80060000,10.75790000,0.95650000,0,44574,0.17683100,48.26130700,0.00366400,64.00000000,100,0.01395100,1.39510000,95.65000000,0.36180000,8.00000000,Qwen2.5-0.5B-Instruct,TopK,Adam,0.00010000,instruct_base
PPO,kl0p025,ppo_step10,18,64,7168,0.00340000,64.00000000,2.45750000,2.76760000,10.76540000,0.96270000,10,44574,0.16602200,48.26517900,0.00344000,64.00000000,35,0.00488300,0.48830000,96.27000000,0.31010000,8.00000000,Qwen2.5-0.5B-Instruct,TopK,Adam,0.00010000,ppo_step10
PPO,kl0p025,ppo_step30,18,64,7168,0.00330000,64.00000000,2.58380000,2.88800000,10.91680000,0.96350000,30,44574,0.15813000,48.23019000,0.00327900,64.00000000,17,0.00237200,0.23720000,96.35000000,0.30420000,8.00000000,Qwen2.5-0.5B-Instruct,TopK,Adam,0.00010000,ppo_step30
PPO,kl0p025,instruct_base,23,64,7168,0.30120000,64.00000000,2.43880000,3.08030000,15.48030000,0.95080000,0,44574,0.92192300,3.06128400,0.30115600,64.00000000,0,0.00000000,0.00000000,95.08000000,0.64150000,8.00000000,Qwen2.5-0.5B-Instruct,TopK,Adam,0.00010000,instruct_base
PPO,kl0p025,ppo_step10,23,64,7168,0.28650000,64.00000000,2.45750000,3.03530000,15.70850000,0.95640000,10,44574,0.87440200,3.05240200,0.28646300,64.00000000,0,0.00000000,0.00000000,95.64000000,0.57780000,8.00000000,Qwen2.5-0.5B-Instruct,TopK,Adam,0.00010000,ppo_step10
PPO,kl0p025,ppo_step30,23,64,7168,0.28920000,64.00000000,2.58380000,3.19400000,16.92220000,0.95740000,30,44574,0.86699100,2.99755300,0.28923300,64.00000000,0,0.00000000,0.00000000,95.74000000,0.61020000,8.00000000,Qwen2.5-0.5B-Instruct,TopK,Adam,0.00010000,ppo_step30
PPO,shuffled,instruct_base,6,64,7168,0.00050000,64.00000000,2.44450000,2.60260000,11.60410000,0.98270000,0,44574,0.02507100,47.04707000,0.00053300,64.00000000,169,0.02357700,2.35770000,98.27000000,0.15810000,8.00000000,Qwen2.5-0.5B-Instruct,TopK,Adam,0.00010000,instruct_base
PPO,shuffled,ppo_step10,6,64,7168,0.00050000,64.00000000,2.46600000,2.60870000,11.62720000,0.98440000,10,44574,0.02253700,47.05139500,0.00047900,64.00000000,323,0.04506100,4.50610000,98.44000000,0.14270000,8.00000000,Qwen2.5-0.5B-Instruct,TopK,Adam,0.00010000,ppo_step10
PPO,shuffled,ppo_step30,6,64,7168,0.00040000,64.00000000,2.45900000,2.59060000,11.62300000,0.98560000,30,44574,0.02001000,47.04600500,0.00042500,64.00000000,205,0.02859900,2.85990000,98.56000000,0.13160000,8.00000000,Qwen2.5-0.5B-Instruct,TopK,Adam,0.00010000,ppo_step30
PPO,shuffled,instruct_base,12,64,7168,0.00090000,64.00000000,2.44450000,2.75410000,10.14950000,0.95980000,0,44574,0.04116900,47.52871700,0.00086600,64.00000000,199,0.02776200,2.77620000,95.98000000,0.30960000,8.00000000,Qwen2.5-0.5B-Instruct,TopK,Adam,0.00010000,instruct_base
PPO,shuffled,ppo_step10,12,64,7168,0.00070000,64.00000000,2.46600000,2.70780000,10.15930000,0.96860000,10,44574,0.03563700,47.53311200,0.00075000,64.00000000,150,0.02092600,2.09260000,96.86000000,0.24180000,8.00000000,Qwen2.5-0.5B-Instruct,TopK,Adam,0.00010000,ppo_step10
PPO,shuffled,ppo_step30,12,64,7168,0.00070000,64.00000000,2.45900000,2.68240000,10.17110000,0.97100000,30,44574,0.03298000,47.52722200,0.00069400,64.00000000,123,0.01716000,1.71600000,97.10000000,0.22340000,8.00000000,Qwen2.5-0.5B-Instruct,TopK,Adam,0.00010000,ppo_step30
PPO,shuffled,instruct_base,18,64,7168,0.00370000,64.00000000,2.44450000,2.83360000,10.79440000,0.95340000,0,44574,0.17691400,48.26130700,0.00366600,64.00000000,238,0.03320300,3.32030000,95.34000000,0.38910000,8.00000000,Qwen2.5-0.5B-Instruct,TopK,Adam,0.00010000,instruct_base
PPO,shuffled,ppo_step10,18,64,7168,0.00360000,64.00000000,2.46600000,2.83740000,10.82340000,0.95560000,10,44574,0.17243400,48.26210800,0.00357300,64.00000000,13,0.00181400,0.18140000,95.56000000,0.37140000,8.00000000,Qwen2.5-0.5B-Instruct,TopK,Adam,0.00010000,ppo_step10
PPO,shuffled,ppo_step30,18,64,7168,0.00330000,64.00000000,2.45900000,2.79680000,10.87700000,0.95990000,30,44574,0.16088000,48.25803000,0.00333400,64.00000000,58,0.00809200,0.80920000,95.99000000,0.33780000,8.00000000,Qwen2.5-0.5B-Instruct,TopK,Adam,0.00010000,ppo_step30
PPO,shuffled,instruct_base,23,64,7168,0.30050000,64.00000000,2.44450000,3.11300000,15.62020000,0.94930000,0,44574,0.91998800,3.06128400,0.30052300,64.00000000,0,0.00000000,0.00000000,94.93000000,0.66850000,8.00000000,Qwen2.5-0.5B-Instruct,TopK,Adam,0.00010000,instruct_base
PPO,shuffled,ppo_step10,23,64,7168,0.28710000,64.00000000,2.46600000,3.07070000,15.86720000,0.95490000,10,44574,0.87581800,3.05047900,0.28710800,64.00000000,0,0.00000000,0.00000000,95.49000000,0.60470000,8.00000000,Qwen2.5-0.5B-Instruct,TopK,Adam,0.00010000,ppo_step10
PPO,shuffled,ppo_step30,23,64,7168,0.28230000,64.00000000,2.45900000,3.03770000,15.93180000,0.95710000,30,44574,0.86192500,3.05280100,0.28233900,64.00000000,0,0.00000000,0.00000000,95.71000000,0.57870000,8.00000000,Qwen2.5-0.5B-Instruct,TopK,Adam,0.00010000,ppo_step30
PPO,strict,instruct_base,6,64,7168,0.00050000,64.00000000,2.43880000,2.60400000,11.55460000,0.98190000,0,44574,0.02349900,47.04707000,0.00049900,64.00000000,170,0.02371700,2.37170000,98.19000000,0.16520000,8.00000000,Qwen2.5-0.5B-Instruct,TopK,Adam,0.00010000,instruct_base
PPO,strict,ppo_step10,6,64,7168,0.00040000,64.00000000,2.44830000,2.54720000,11.51710000,0.98910000,10,44574,0.02040400,47.05218100,0.00043400,64.00000000,288,0.04017900,4.01790000,98.91000000,0.09890000,8.00000000,Qwen2.5-0.5B-Instruct,TopK,Adam,0.00010000,ppo_step10
PPO,strict,ppo_step30,6,64,7168,0.00040000,64.00000000,2.64710000,2.75090000,11.43820000,0.98820000,30,44574,0.01932900,47.03640400,0.00041100,64.00000000,270,0.03766700,3.76670000,98.82000000,0.10380000,8.00000000,Qwen2.5-0.5B-Instruct,TopK,Adam,0.00010000,ppo_step30
PPO,strict,ppo_step50,6,64,7168,0.00040000,64.00000000,2.76160000,2.88990000,11.45040000,0.98520000,50,44574,0.01792200,46.99139400,0.00038100,64.00000000,21,0.00293000,0.29300000,98.52000000,0.12830000,8.00000000,Qwen2.5-0.5B-Instruct,TopK,Adam,0.00010000,ppo_step50
PPO,strict,ppo_step80,6,64,7168,0.00030000,64.00000000,2.85630000,2.96810000,11.54170000,0.98710000,80,44574,0.01607900,46.93691300,0.00034300,64.00000000,37,0.00516200,0.51620000,98.71000000,0.11180000,8.00000000,Qwen2.5-0.5B-Instruct,TopK,Adam,0.00010000,ppo_step80
PPO,strict,ppo_step116,6,64,7168,0.00030000,64.00000000,3.03230000,3.15970000,11.64050000,0.98520000,116,44574,0.01574600,46.84315900,0.00033600,64.00000000,35,0.00488300,0.48830000,98.52000000,0.12740000,8.00000000,Qwen2.5-0.5B-Instruct,TopK,Adam,0.00010000,ppo_step116
PPO,strict,instruct_base,12,64,7168,0.00080000,64.00000000,2.43880000,2.74180000,10.10970000,0.96050000,0,44574,0.04019500,47.52871700,0.00084600,64.00000000,258,0.03599300,3.59930000,96.05000000,0.30300000,8.00000000,Qwen2.5-0.5B-Instruct,TopK,Adam,0.00010000,instruct_base
PPO,strict,ppo_step10,12,64,7168,0.00080000,64.00000000,2.44830000,2.66730000,10.10800000,0.97140000,10,44574,0.03609100,47.53401900,0.00075900,64.00000000,101,0.01409000,1.40900000,97.14000000,0.21900000,8.00000000,Qwen2.5-0.5B-Instruct,TopK,Adam,0.00010000,ppo_step10
PPO,strict,ppo_step30,12,64,7168,0.00070000,64.00000000,2.64710000,2.86690000,10.27970000,0.97120000,30,44574,0.03361700,47.51873000,0.00070700,64.00000000,169,0.02357700,2.35770000,97.12000000,0.21980000,8.00000000,Qwen2.5-0.5B-Instruct,TopK,Adam,0.00010000,ppo_step30
PPO,strict,ppo_step50,12,64,7168,0.00070000,64.00000000,2.76160000,2.97600000,10.33400000,0.97170000,50,44574,0.03200300,47.47369400,0.00067400,64.00000000,78,0.01088200,1.08820000,97.17000000,0.21440000,8.00000000,Qwen2.5-0.5B-Instruct,TopK,Adam,0.00010000,ppo_step50
PPO,strict,ppo_step80,12,64,7168,0.00070000,64.00000000,2.85630000,3.08920000,10.43380000,0.96930000,80,44574,0.03129300,47.41944100,0.00066000,64.00000000,84,0.01171900,1.17190000,96.93000000,0.23290000,8.00000000,Qwen2.5-0.5B-Instruct,TopK,Adam,0.00010000,ppo_step80
PPO,strict,ppo_step116,12,64,7168,0.00070000,64.00000000,3.03230000,3.28920000,10.50780000,0.96560000,116,44574,0.03087300,47.32551200,0.00065200,64.00000000,14,0.00195300,0.19530000,96.56000000,0.25690000,8.00000000,Qwen2.5-0.5B-Instruct,TopK,Adam,0.00010000,ppo_step116
PPO,strict,instruct_base,18,64,7168,0.00360000,64.00000000,2.43880000,2.80830000,10.75790000,0.95560000,0,44574,0.17277300,48.26130700,0.00358000,64.00000000,109,0.01520600,1.52060000,95.56000000,0.36950000,8.00000000,Qwen2.5-0.5B-Instruct,TopK,Adam,0.00010000,instruct_base
PPO,strict,ppo_step10,18,64,7168,0.00330000,64.00000000,2.44830000,2.73040000,10.76890000,0.96610000,10,44574,0.16120500,48.26620100,0.00334000,64.00000000,104,0.01450900,1.45090000,96.61000000,0.28210000,8.00000000,Qwen2.5-0.5B-Instruct,TopK,Adam,0.00010000,ppo_step10
PPO,strict,ppo_step30,18,64,7168,0.00330000,64.00000000,2.64710000,2.95950000,11.01970000,0.96270000,30,44574,0.15827200,48.22963000,0.00328200,64.00000000,87,0.01213700,1.21370000,96.27000000,0.31240000,8.00000000,Qwen2.5-0.5B-Instruct,TopK,Adam,0.00010000,ppo_step30
PPO,strict,ppo_step50,18,64,7168,0.00320000,64.00000000,2.76160000,3.08720000,11.09690000,0.96090000,50,44574,0.15537000,48.17809300,0.00322500,64.00000000,12,0.00167400,0.16740000,96.09000000,0.32560000,8.00000000,Qwen2.5-0.5B-Instruct,TopK,Adam,0.00010000,ppo_step50
PPO,strict,ppo_step80,18,64,7168,0.00320000,64.00000000,2.85630000,3.21220000,11.10610000,0.95690000,80,44574,0.15535700,48.12318000,0.00322800,64.00000000,11,0.00153500,0.15350000,95.69000000,0.35590000,8.00000000,Qwen2.5-0.5B-Instruct,TopK,Adam,0.00010000,ppo_step80
PPO,strict,ppo_step116,18,64,7168,0.00330000,64.00000000,3.03230000,3.44060000,11.21160000,0.95010000,116,44574,0.15634000,48.02222800,0.00325600,64.00000000,12,0.00167400,0.16740000,95.01000000,0.40830000,8.00000000,Qwen2.5-0.5B-Instruct,TopK,Adam,0.00010000,ppo_step116
PPO,strict,instruct_base,23,64,7168,0.28430000,64.00000000,2.43880000,3.13740000,15.48030000,0.94640000,0,44574,0.87024300,3.06128400,0.28427400,64.00000000,0,0.00000000,0.00000000,94.64000000,0.69860000,8.00000000,Qwen2.5-0.5B-Instruct,TopK,Adam,0.00010000,instruct_base
PPO,strict,ppo_step10,23,64,7168,0.28110000,64.00000000,2.44830000,3.03540000,15.51760000,0.95510000,10,44574,0.85911300,3.05634100,0.28109200,64.00000000,0,0.00000000,0.00000000,95.51000000,0.58710000,8.00000000,Qwen2.5-0.5B-Instruct,TopK,Adam,0.00010000,ppo_step10
PPO,strict,ppo_step30,23,64,7168,0.28990000,64.00000000,2.64710000,3.28330000,17.16810000,0.95620000,30,44574,0.86082600,2.96907900,0.28993100,64.00000000,0,0.00000000,0.00000000,95.62000000,0.63620000,8.00000000,Qwen2.5-0.5B-Instruct,TopK,Adam,0.00010000,ppo_step30
PPO,strict,ppo_step50,23,64,7168,0.29050000,64.00000000,2.76160000,3.42550000,18.08430000,0.95670000,50,44574,0.85118400,2.93024600,0.29048200,64.00000000,0,0.00000000,0.00000000,95.67000000,0.66390000,8.00000000,Qwen2.5-0.5B-Instruct,TopK,Adam,0.00010000,ppo_step50
PPO,strict,ppo_step80,23,64,7168,0.28920000,64.00000000,2.85630000,3.53070000,18.47460000,0.95680000,80,44574,0.84520900,2.92283200,0.28917500,64.00000000,0,0.00000000,0.00000000,95.68000000,0.67440000,8.00000000,Qwen2.5-0.5B-Instruct,TopK,Adam,0.00010000,ppo_step80
PPO,strict,ppo_step116,23,64,7168,0.28960000,64.00000000,3.03230000,3.72830000,19.39770000,0.95750000,116,44574,0.83631900,2.88759100,0.28962500,64.00000000,0,0.00000000,0.00000000,95.75000000,0.69600000,8.00000000,Qwen2.5-0.5B-Instruct,TopK,Adam,0.00010000,ppo_step116
PPO,strict_l23_k256,instruct_base,23,256,7168,0.17510000,256.00000000,2.43880000,2.71190000,15.48030000,0.97910000,0,44574,0.53613400,3.06128400,0.17513400,256.00000000,0,0.00000000,0.00000000,97.91000000,0.27310000,8.00000000,Qwen2.5-0.5B-Instruct,TopK,Adam,0.00010000,instruct_base
PPO,strict_l23_k256,ppo_step10,23,256,7168,0.16320000,256.00000000,2.44830000,2.68280000,15.51760000,0.98210000,10,44574,0.49894400,3.05634100,0.16324900,256.00000000,0,0.00000000,0.00000000,98.21000000,0.23450000,8.00000000,Qwen2.5-0.5B-Instruct,TopK,Adam,0.00010000,ppo_step10
PPO,strict_l23_k256,ppo_step30,23,256,7168,0.16320000,256.00000000,2.64710000,2.88280000,17.16810000,0.98380000,30,44574,0.48463400,2.96907900,0.16322700,256.00000000,0,0.00000000,0.00000000,98.38000000,0.23570000,8.00000000,Qwen2.5-0.5B-Instruct,TopK,Adam,0.00010000,ppo_step30
PPO,strict_l23_k256,ppo_step50,23,256,7168,0.15930000,256.00000000,2.76160000,2.99400000,18.08430000,0.98480000,50,44574,0.46687400,2.93024600,0.15932900,256.00000000,0,0.00000000,0.00000000,98.48000000,0.23240000,8.00000000,Qwen2.5-0.5B-Instruct,TopK,Adam,0.00010000,ppo_step50
PPO,strict_l23_k256,ppo_step80,23,256,7168,0.15520000,256.00000000,2.85630000,3.08870000,18.47460000,0.98510000,80,44574,0.45371800,2.92283200,0.15523200,256.00000000,0,0.00000000,0.00000000,98.51000000,0.23240000,8.00000000,Qwen2.5-0.5B-Instruct,TopK,Adam,0.00010000,ppo_step80
PPO,strict_l23_k256,ppo_step116,23,256,7168,0.15240000,256.00000000,3.03230000,3.26560000,19.39770000,0.98570000,116,44574,0.44006200,2.88759100,0.15239800,256.00000000,0,0.00000000,0.00000000,98.57000000,0.23330000,8.00000000,Qwen2.5-0.5B-Instruct,TopK,Adam,0.00010000,ppo_step116
