chain,layer,feature_idx,rank,stage_from,stage_to,dec_cos,dec_drift,enc_cos,density_start,density_end
flexible,6,3198,1,instruct_base,ppo_step200,-0.09492268413305283,1.094922661781311,-0.02854827791452408,0.00012339031673036516,0.0006393861840479076
flexible,6,6364,2,instruct_base,ppo_step200,-0.08372050523757935,1.0837204456329346,0.07129646837711334,5.608650826616213e-05,0.00010095571633428335
flexible,6,1751,3,instruct_base,ppo_step200,-0.07391608506441116,1.0739160776138306,-0.025366347283124924,0.0002467806334607303,0.01628752239048481
flexible,6,2989,4,instruct_base,ppo_step200,-0.07205002009868622,1.0720499753952026,0.002762945368885994,0.0001794768322724849,0.016657693311572075
flexible,6,3874,5,instruct_base,ppo_step200,-0.06615830957889557,1.0661582946777344,-0.0006775399670004845,5.608650826616213e-05,0.0002916498342528939
flexible,6,299,6,instruct_base,ppo_step200,-0.05545128136873245,1.0554512739181519,-0.08339658379554749,0.0006730380700901151,0.0006281688692979515
flexible,6,6166,7,instruct_base,ppo_step200,-0.05056031420826912,1.0505603551864624,-0.07585931569337845,0.00010095571633428335,0.00033651903504505754
flexible,6,1475,8,instruct_base,ppo_step200,-0.04932578280568123,1.0493258237838745,-0.012396715581417084,0.0009422533330507576,0.00025799794821068645
flexible,6,3806,9,instruct_base,ppo_step200,-0.048806190490722656,1.0488061904907227,-0.1458675116300583,8.973841613624245e-05,0.0071117691695690155
flexible,6,105,10,instruct_base,ppo_step200,-0.048138782382011414,1.0481387376785278,-0.03429101034998894,0.00011217301653232425,0.012148337438702583
flexible,6,6520,11,instruct_base,ppo_step200,-0.04620173200964928,1.0462017059326172,-0.06776674091815948,0.00011217301653232425,0.004083097912371159
flexible,6,1217,12,instruct_base,ppo_step200,-0.04445784538984299,1.0444577932357788,-0.09514162689447403,0.00028043254860676825,0.0004150401509832591
flexible,6,2291,13,instruct_base,ppo_step200,-0.042888425290584564,1.0428884029388428,-0.07453005015850067,0.0001794768322724849,0.0019742450676858425
flexible,6,1513,14,instruct_base,ppo_step200,-0.04158071056008339,1.0415806770324707,-0.16893239319324493,0.0002019114326685667,0.0004150401509832591
flexible,6,2025,15,instruct_base,ppo_step200,-0.041513752192258835,1.0415138006210327,-0.14652034640312195,0.0006730380700901151,0.018811414018273354
flexible,6,5988,16,instruct_base,ppo_step200,-0.040189363062381744,1.0401893854141235,-0.013093327172100544,0.000448692066129297,0.0002355633332626894
flexible,6,7149,17,instruct_base,ppo_step200,-0.03921758010983467,1.0392175912857056,-0.18287019431591034,0.0001906941324705258,0.00012339031673036516
flexible,6,1038,18,instruct_base,ppo_step200,-0.03625119477510452,1.036251187324524,-0.05345206335186958,0.0002131287328666076,0.0014470318565145135
flexible,6,3648,19,instruct_base,ppo_step200,-0.03134383261203766,1.0313438177108765,-0.12050285190343857,0.00037017095019109547,0.0016152914613485336
flexible,6,4483,20,instruct_base,ppo_step200,-0.03130161762237549,1.0313016176223755,0.05312618240714073,0.00011217301653232425,0.01619778387248516
flexible,12,2349,1,instruct_base,ppo_step200,-0.017642661929130554,1.017642617225647,0.4081607758998871,0.006472383160144091,0.015199443325400352
flexible,12,4428,2,instruct_base,ppo_step200,0.05316929146647453,0.946830689907074,0.3660855293273926,0.0,0.005317001137882471
flexible,12,2318,3,instruct_base,ppo_step200,0.06245632842183113,0.9375436902046204,0.474178671836853,0.00014582491712644696,0.0014806838007643819
flexible,12,3227,4,instruct_base,ppo_step200,0.06915295124053955,0.9308470487594604,0.26326170563697815,0.0002131287328666076,0.0010544263059273362
flexible,12,1064,5,instruct_base,ppo_step200,0.07058066874742508,0.9294193387031555,0.2648223638534546,0.00011217301653232425,0.0008412976167164743
flexible,12,4017,6,instruct_base,ppo_step200,0.07296048104763031,0.9270395040512085,0.27422577142715454,0.00032530174939893186,0.0006057342980057001
flexible,12,5006,7,instruct_base,ppo_step200,0.07456202805042267,0.9254379868507385,0.43574389815330505,6.730380846420303e-05,0.0011329475091770291
flexible,12,1651,8,instruct_base,ppo_step200,0.07498373091220856,0.9250162839889526,0.5014472007751465,0.00034773634979501367,0.0012114685960114002
flexible,12,1939,9,instruct_base,ppo_step200,0.07539528608322144,0.9246047139167786,0.22070933878421783,0.00034773634979501367,0.003051106119528413
flexible,12,5998,10,instruct_base,ppo_step200,0.0758320763707161,0.9241679310798645,0.3507128059864044,0.00034773634979501367,0.0006954726995900273
flexible,12,4851,11,instruct_base,ppo_step200,0.07596080750226974,0.9240391850471497,0.41113317012786865,8.973841613624245e-05,0.0023331986740231514
flexible,12,4515,12,instruct_base,ppo_step200,0.07615906000137329,0.9238409399986267,0.4508799910545349,8.973841613624245e-05,0.0003926055505871773
flexible,12,3213,13,instruct_base,ppo_step200,0.07629269361495972,0.9237073063850403,0.534111738204956,0.00014582491712644696,0.0008637322462163866
flexible,12,878,14,instruct_base,ppo_step200,0.0809875875711441,0.9190124273300171,0.16453281044960022,4.4869208068121225e-05,0.007145421113818884
flexible,12,6743,15,instruct_base,ppo_step200,0.08319017291069031,0.9168097972869873,0.4190784990787506,6.730380846420303e-05,0.0018845066661015153
flexible,12,7104,16,instruct_base,ppo_step200,0.0832238644361496,0.9167761206626892,0.43359655141830444,0.0,0.0024117198772728443
flexible,12,2215,17,instruct_base,ppo_step200,0.08529442548751831,0.9147055745124817,0.4189211428165436,0.0001794768322724849,0.002894063713029027
flexible,12,5180,18,instruct_base,ppo_step200,0.08800216764211655,0.9119978547096252,0.40880391001701355,0.00025799794821068645,0.00236685061827302
flexible,12,3177,19,instruct_base,ppo_step200,0.09069022536277771,0.9093097448348999,0.38497671484947205,5.608650826616213e-05,0.0032530175521969795
flexible,12,1603,20,instruct_base,ppo_step200,0.09144654870033264,0.9085534811019897,0.32668888568878174,3.3651904232101515e-05,0.004834657069295645
flexible,18,5790,1,instruct_base,ppo_step200,-0.1200597733259201,1.1200597286224365,0.30595558881759644,0.0007964284159243107,0.0008749495027586818
flexible,18,2353,2,instruct_base,ppo_step200,-0.03420934081077576,1.0342093706130981,0.10384412854909897,0.00010095571633428335,0.016063176095485687
flexible,18,2836,3,instruct_base,ppo_step200,-0.016930291429162025,1.016930341720581,0.3726145625114441,0.00015704221732448786,0.00025799794821068645
flexible,18,4042,4,instruct_base,ppo_step200,-0.015237528830766678,1.01523756980896,-0.3931065499782562,0.0007291245856322348,0.0001906941324705258
flexible,18,1134,5,instruct_base,ppo_step200,0.03144204616546631,0.9685579538345337,-0.3503255248069763,0.00028043254860676825,0.00034773634979501367
flexible,18,4926,6,instruct_base,ppo_step200,0.0368560329079628,0.9631439447402954,0.4210687577724457,7.852110866224393e-05,0.0011778166517615318
flexible,18,5197,7,instruct_base,ppo_step200,0.05343205854296684,0.946567952632904,0.5039387941360474,0.01654551923274994,0.016063176095485687
flexible,18,6649,8,instruct_base,ppo_step200,0.05539146810770035,0.9446085095405579,-0.23402366042137146,0.00015704221732448786,3.3651904232101515e-05
flexible,18,552,9,instruct_base,ppo_step200,0.06687226891517639,0.933127760887146,0.2814989387989044,0.0002243460330646485,0.001189033966511488
flexible,18,3712,10,instruct_base,ppo_step200,0.06846190989017487,0.9315381050109863,0.40339192748069763,0.00014582491712644696,0.0024341545067727566
flexible,18,4475,11,instruct_base,ppo_step200,0.07263963669538498,0.9273603558540344,0.2656373083591461,0.0075604612939059734,0.0
flexible,18,2560,12,instruct_base,ppo_step200,0.0734749361872673,0.9265250563621521,0.26665422320365906,0.0001906941324705258,0.0019069412956014276
flexible,18,5195,13,instruct_base,ppo_step200,0.07430879771709442,0.9256911873817444,0.19420696794986725,0.03085879608988762,0.004116749856621027
flexible,18,7000,14,instruct_base,ppo_step200,0.07603444159030914,0.923965573310852,0.24241842329502106,0.00032530174939893186,0.0017050298629328609
flexible,18,1753,15,instruct_base,ppo_step200,0.07653480768203735,0.9234651923179626,0.1781797558069229,0.00025799794821068645,0.0005159958964213729
flexible,18,717,16,instruct_base,ppo_step200,0.07660698890686035,0.9233930110931396,0.38874518871307373,8.973841613624245e-05,0.0032305829226970673
flexible,18,4046,17,instruct_base,ppo_step200,0.07795191556215286,0.9220480918884277,0.24058488011360168,0.0001906941324705258,0.0034661462996155024
flexible,18,3795,18,instruct_base,ppo_step200,0.0788879245519638,0.921112060546875,0.28820428252220154,0.0001906941324705258,0.0020976352971047163
flexible,18,3267,19,instruct_base,ppo_step200,0.07992333173751831,0.9200766682624817,0.049899544566869736,0.0002243460330646485,0.002995019545778632
flexible,18,5705,20,instruct_base,ppo_step200,0.08107613027095795,0.9189238548278809,0.275653213262558,0.00013460761692840606,0.0028716293163597584
flexible,23,3089,1,instruct_base,ppo_step200,0.13625410199165344,0.863745927810669,0.10798367857933044,0.057544756680727005,0.22951720654964447
flexible,23,5482,2,instruct_base,ppo_step200,0.1506473422050476,0.8493526577949524,0.12421634048223495,0.03487459197640419,0.1987481564283371
flexible,23,1073,3,instruct_base,ppo_step200,0.15168705582618713,0.8483129739761353,0.1109665036201477,0.00937766395509243,0.1980638951063156
flexible,23,1658,4,instruct_base,ppo_step200,0.19116047024726868,0.8088395595550537,0.16623465716838837,0.05743258446455002,0.21987032890319824
flexible,23,1218,5,instruct_base,ppo_step200,0.19156308472156525,0.808436930179596,0.12801985442638397,0.03956342115998268,0.2786490023136139
flexible,23,6692,6,instruct_base,ppo_step200,0.1986534595489502,0.8013465404510498,0.1915244460105896,0.07336115092039108,0.2392313927412033
flexible,23,7078,7,instruct_base,ppo_step200,0.20061765611171722,0.7993823289871216,0.16322165727615356,0.028491945937275887,0.239410862326622
flexible,23,6048,8,instruct_base,ppo_step200,0.2022770792245865,0.7977229356765747,0.19516198337078094,0.07230672240257263,0.34383273124694824
flexible,23,5259,9,instruct_base,ppo_step200,0.20496252179145813,0.7950375080108643,0.184085875749588,0.041246019303798676,0.24780140817165375
flexible,23,2413,10,instruct_base,ppo_step200,0.20564055442810059,0.7943594455718994,0.18492136895656586,0.030241845175623894,0.2672073543071747
flexible,23,2949,11,instruct_base,ppo_step200,0.21119484305381775,0.7888051271438599,0.19247321784496307,0.019630277529358864,0.19880422949790955
flexible,23,2541,12,instruct_base,ppo_step200,0.21989759802818298,0.7801023721694946,0.1840146780014038,0.027527257800102234,0.22268587350845337
flexible,23,2268,13,instruct_base,ppo_step200,0.22148704528808594,0.7785129547119141,0.169917494058609,0.02846951223909855,0.23747026920318604
flexible,23,643,14,instruct_base,ppo_step200,0.22616401314735413,0.7738360166549683,0.18990176916122437,0.031543053686618805,0.2534998059272766
flexible,23,5936,15,instruct_base,ppo_step200,0.22741658985614777,0.7725834250450134,0.17985665798187256,0.030948534607887268,0.26163235306739807
flexible,23,5478,16,instruct_base,ppo_step200,0.2327682077884674,0.767231822013855,0.20414386689662933,0.05741015076637268,0.24097007513046265
flexible,23,7112,17,instruct_base,ppo_step200,0.2349921315908432,0.7650078535079956,0.17110072076320648,0.03625432029366493,0.19587652385234833
flexible,23,4139,18,instruct_base,ppo_step200,0.2350645512342453,0.7649354338645935,0.19990205764770508,0.12002512812614441,0.2519069314002991
flexible,23,6486,19,instruct_base,ppo_step200,0.2389737218618393,0.7610262632369995,0.18757346272468567,0.03580562770366669,0.20038586854934692
flexible,23,2874,20,instruct_base,ppo_step200,0.24005089700222015,0.7599490880966187,0.1942499876022339,0.02682056836783886,0.2776506543159485
strict,6,5030,1,instruct_base,ppo_step116,0.03770910203456879,0.96229088306427,0.4008462727069855,0.00011217301653232425,0.0009871225338429213
strict,6,2195,2,instruct_base,ppo_step116,0.05326855555176735,0.946731448173523,0.5716174244880676,2.2434604034060612e-05,0.0004038228653371334
strict,6,2270,3,instruct_base,ppo_step116,0.056041717529296875,0.9439582824707031,0.45190250873565674,0.0002019114326685667,0.0015031184302642941
strict,6,6783,4,instruct_base,ppo_step116,0.06870247423648834,0.9312975406646729,0.45502468943595886,6.730380846420303e-05,0.003365190466865897
strict,6,3591,5,instruct_base,ppo_step116,0.06907473504543304,0.9309252500534058,0.26388415694236755,0.00013460761692840606,0.014649796299636364
strict,6,6830,6,instruct_base,ppo_step116,0.0701448917388916,0.9298551082611084,0.06065990775823593,0.0005608650972135365,0.07022030651569366
strict,6,354,7,instruct_base,ppo_step116,0.07167056202888489,0.9283294677734375,0.4580722153186798,8.973841613624245e-05,0.0025575447361916304
strict,6,1811,8,instruct_base,ppo_step116,0.0724019929766655,0.9275979995727539,0.4028429388999939,6.730380846420303e-05,0.0013685107696801424
strict,6,586,9,instruct_base,ppo_step116,0.07428480684757233,0.9257152080535889,0.4583060145378113,0.0005608650972135365,0.0005832996685057878
strict,6,2543,10,instruct_base,ppo_step116,0.07476557791233063,0.9252344369888306,0.5038757920265198,0.0002467806334607303,0.0010768609354272485
strict,6,5437,11,instruct_base,ppo_step116,0.07855916768312454,0.921440839767456,0.4134993255138397,0.00015704221732448786,0.0024902408476918936
strict,6,960,12,instruct_base,ppo_step116,0.07938049733638763,0.9206194877624512,0.397438108921051,0.00011217301653232425,0.0007627765298821032
strict,6,4908,13,instruct_base,ppo_step116,0.07964471727609634,0.9203552603721619,0.06687027215957642,0.00011217301653232425,0.0009646879625506699
strict,6,5901,14,instruct_base,ppo_step116,0.08070467412471771,0.9192953109741211,0.42424246668815613,2.2434604034060612e-05,0.0030286714900285006
strict,6,6275,15,instruct_base,ppo_step116,0.08101537078619003,0.9189846515655518,0.4437372386455536,0.0,0.010791043750941753
strict,6,3470,16,instruct_base,ppo_step116,0.08222124725580215,0.917778730392456,0.3562445342540741,0.0,0.0018396374071016908
strict,6,6561,17,instruct_base,ppo_step116,0.08237560093402863,0.9176244139671326,0.459331214427948,0.001256337738595903,0.000448692066129297
strict,6,3952,18,instruct_base,ppo_step116,0.08240209519863129,0.9175978899002075,0.2747634947299957,0.00011217301653232425,0.002019114326685667
strict,6,1833,19,instruct_base,ppo_step116,0.08376297354698181,0.9162369966506958,0.43774884939193726,0.0008525149314664304,0.010095571167767048
strict,6,6840,20,instruct_base,ppo_step116,0.08452656865119934,0.915473461151123,0.4540817141532898,0.0,0.0012339032255113125
strict,12,2349,1,instruct_base,ppo_step116,0.044439781457185745,0.9555602073669434,0.44070374965667725,0.007066899910569191,0.007605330552905798
strict,12,4058,2,instruct_base,ppo_step116,0.0449698343873024,0.9550301432609558,0.3395722508430481,0.0,0.0075604612939059734
strict,12,4595,3,instruct_base,ppo_step116,0.05254238843917847,0.9474576115608215,0.2297545075416565,0.00013460761692840606,0.0043523130007088184
strict,12,4844,4,instruct_base,ppo_step116,0.05654916167259216,0.9434508085250854,0.24145396053791046,8.973841613624245e-05,0.005025350954383612
strict,12,5324,5,instruct_base,ppo_step116,0.06496967375278473,0.9350303411483765,0.5125027894973755,4.4869208068121225e-05,0.0008300803019665182
strict,12,4514,6,instruct_base,ppo_step116,0.07852650433778763,0.921473503112793,0.4288645386695862,8.973841613624245e-05,0.004285009112209082
strict,12,5038,7,instruct_base,ppo_step116,0.078667052090168,0.9213329553604126,0.3585103154182434,2.2434604034060612e-05,0.0017050298629328609
strict,12,3213,8,instruct_base,ppo_step116,0.07964818179607391,0.9203518033027649,0.578764021396637,8.973841613624245e-05,0.0006057342980057001
strict,12,7143,9,instruct_base,ppo_step116,0.0824153944849968,0.9175845980644226,0.3727349638938904,0.00594516983255744,0.014044061303138733
strict,12,3121,10,instruct_base,ppo_step116,0.08293970674276352,0.9170603156089783,0.3232647478580475,0.0,0.012024947442114353
strict,12,2171,11,instruct_base,ppo_step116,0.08628875017166138,0.9137112498283386,0.2908318340778351,0.000448692066129297,0.002826760057359934
strict,12,3193,12,instruct_base,ppo_step116,0.08635857701301575,0.9136414527893066,0.5801568627357483,0.0,0.0006730380700901151
strict,12,3425,13,instruct_base,ppo_step116,0.08693632483482361,0.913063645362854,0.3377264440059662,0.00031408443464897573,0.008525148965418339
strict,12,6984,14,instruct_base,ppo_step116,0.08758072555065155,0.9124192595481873,0.466062992811203,8.973841613624245e-05,0.0029389329720288515
strict,12,938,15,instruct_base,ppo_step116,0.08872190117835999,0.9112781286239624,0.07321136444807053,0.0004935612669214606,0.0007403419003821909
strict,12,4411,16,instruct_base,ppo_step116,0.09010279178619385,0.9098972082138062,0.45204880833625793,0.0001794768322724849,0.0005159958964213729
strict,12,5297,17,instruct_base,ppo_step116,0.09709912538528442,0.9029008746147156,0.29062002897262573,0.00031408443464897573,0.007672634441405535
strict,12,633,18,instruct_base,ppo_step116,0.10000307857990265,0.8999969363212585,0.3957439661026001,8.973841613624245e-05,0.0023331986740231514
strict,12,4164,19,instruct_base,ppo_step116,0.10075065493583679,0.8992493152618408,0.3747883141040802,0.0003813882649410516,0.0010095571633428335
strict,12,5798,20,instruct_base,ppo_step116,0.10075551271438599,0.899244487285614,0.39024269580841064,2.2434604034060612e-05,0.004105532541871071
strict,18,6424,1,instruct_base,ppo_step116,-0.10419322550296783,1.1041932106018066,0.1944042444229126,4.4869208068121225e-05,0.001189033966511488
strict,18,1244,2,instruct_base,ppo_step116,-0.09068647772073746,1.0906864404678345,0.2272094041109085,6.730380846420303e-05,0.001570422202348709
strict,18,4975,3,instruct_base,ppo_step116,-0.09015344083309174,1.090153455734253,-0.13250058889389038,0.0002467806334607303,0.0009646879625506699
strict,18,3390,4,instruct_base,ppo_step116,-0.08327444642782211,1.083274483680725,-0.03135870397090912,0.00013460761692840606,0.0014582491712644696
strict,18,6995,5,instruct_base,ppo_step116,-0.08111146837472916,1.0811114311218262,0.15824374556541443,0.0,0.0019966796971857548
strict,18,4759,6,instruct_base,ppo_step116,-0.07901308685541153,1.0790131092071533,0.2645326554775238,4.4869208068121225e-05,0.0003589536645449698
strict,18,7149,7,instruct_base,ppo_step116,-0.07478095591068268,1.0747809410095215,0.16500526666641235,8.973841613624245e-05,0.001794768264517188
strict,18,1798,8,instruct_base,ppo_step116,-0.07119255512952805,1.0711925029754639,0.2684781849384308,0.0,0.0007852111011743546
strict,18,4344,9,instruct_base,ppo_step116,-0.06825511902570724,1.068255066871643,0.6897804737091064,0.0004711266665253788,0.01662404090166092
strict,18,3999,10,instruct_base,ppo_step116,-0.06638211011886597,1.0663821697235107,0.29304438829421997,0.0006730380700901151,0.0002467806334607303
strict,18,707,11,instruct_base,ppo_step116,-0.06586020439863205,1.0658601522445679,-0.7449659705162048,0.017072733491659164,4.4869208068121225e-05
strict,18,5521,12,instruct_base,ppo_step116,-0.06397000700235367,1.0639699697494507,0.24608094990253448,0.00493561290204525,0.0016825952334329486
strict,18,7089,13,instruct_base,ppo_step116,-0.06377913057804108,1.0637791156768799,0.039220988750457764,0.0001794768322724849,0.0008076457306742668
strict,18,766,14,instruct_base,ppo_step116,-0.06370746344327927,1.0637074708938599,0.27471208572387695,0.0,0.0002467806334607303
strict,18,661,15,instruct_base,ppo_step116,-0.06367982178926468,1.063679814338684,0.1254928559064865,0.001637725974433124,0.002310764044523239
strict,18,5714,16,instruct_base,ppo_step116,-0.06349051743745804,1.0634905099868774,0.15073934197425842,0.0021312872413545847,0.004105532541871071
strict,18,1436,17,instruct_base,ppo_step116,-0.06294159591197968,1.062941551208496,-0.20162837207317352,0.00033651903504505754,8.973841613624245e-05
strict,18,5342,18,instruct_base,ppo_step116,-0.061705462634563446,1.061705470085144,-0.14210082590579987,0.00013460761692840606,0.0009198187035508454
strict,18,289,19,instruct_base,ppo_step116,-0.061218827962875366,1.0612188577651978,0.08199383318424225,0.0011665993370115757,0.0005608650972135365
strict,18,985,20,instruct_base,ppo_step116,-0.06057833135128021,1.0605783462524414,0.29659342765808105,0.00013460761692840606,0.0004711266665253788
strict,23,4517,1,instruct_base,ppo_step116,0.20218616724014282,0.7978138327598572,0.14230194687843323,0.02115583047270775,0.25090861320495605
strict,23,1102,2,instruct_base,ppo_step116,0.21275487542152405,0.7872451543807983,0.1602025032043457,0.022098084911704063,0.24031947553157806
strict,23,736,3,instruct_base,ppo_step116,0.21823877096176147,0.7817612290382385,0.1723843663930893,0.03365190327167511,0.2383452206850052
strict,23,6404,4,instruct_base,ppo_step116,0.22023062407970428,0.7797693610191345,0.20893985033035278,0.01761116273701191,0.19446313381195068
strict,23,5792,5,instruct_base,ppo_step116,0.22570812702178955,0.7742918729782104,0.18153956532478333,0.037308745086193085,0.26060035824775696
strict,23,3690,6,instruct_base,ppo_step116,0.22617855668067932,0.7738214731216431,0.2195032238960266,0.035491541028022766,0.2133755087852478
strict,23,70,7,instruct_base,ppo_step116,0.22687844932079315,0.7731215357780457,0.1443518102169037,0.01628752239048481,0.2679140269756317
strict,23,3544,8,instruct_base,ppo_step116,0.2382381707429886,0.7617618441581726,0.21992763876914978,0.02270381897687912,0.2004307508468628
strict,23,979,9,instruct_base,ppo_step116,0.23881039023399353,0.7611895799636841,0.1497049182653427,0.02393772080540657,0.2565172612667084
strict,23,1258,10,instruct_base,ppo_step116,0.24705731868743896,0.752942681312561,0.18430468440055847,0.04302956908941269,0.24164311587810516
strict,23,2028,11,instruct_base,ppo_step116,0.24901095032691956,0.7509890794754028,0.23126858472824097,0.030084803700447083,0.26896846294403076
strict,23,2476,12,instruct_base,ppo_step116,0.2576761245727539,0.7423238754272461,0.16931316256523132,0.03843047469854355,0.19623547792434692
strict,23,934,13,instruct_base,ppo_step116,0.260366290807724,0.7396336793899536,0.2603714168071747,0.01328128483146429,0.062300894409418106
strict,23,5609,14,instruct_base,ppo_step116,0.2622038424015045,0.7377961874008179,0.21205975115299225,0.05707363039255142,0.26710638403892517
strict,23,2288,15,instruct_base,ppo_step116,0.2622261941432953,0.7377737760543823,0.20357775688171387,0.06467895954847336,0.12383900582790375
strict,23,5176,16,instruct_base,ppo_step116,0.26500797271728516,0.7349920272827148,0.20098762214183807,0.059406828135252,0.32444924116134644
strict,23,805,17,instruct_base,ppo_step116,0.28153926134109497,0.718460738658905,0.24923737347126007,0.042423833161592484,0.2576838433742523
strict,23,1784,18,instruct_base,ppo_step116,0.28588300943374634,0.7141169905662537,0.22220830619335175,0.035581279546022415,0.2548346519470215
strict,23,2652,19,instruct_base,ppo_step116,0.2878987491130829,0.7121012210845947,0.24024337530136108,0.04639475792646408,0.2016422152519226
strict,23,1827,20,instruct_base,ppo_step116,0.294611394405365,0.705388605594635,0.2580665946006775,0.020505227148532867,0.276528924703598
shuffled,6,2797,1,instruct_base,ppo_step30,0.1963748335838318,0.8036251664161682,0.7514342069625854,0.0004935612669214606,0.000448692066129297
shuffled,6,5728,2,instruct_base,ppo_step30,0.22373399138450623,0.7762659788131714,0.35906538367271423,6.730380846420303e-05,0.06277202069759369
shuffled,6,5338,3,instruct_base,ppo_step30,0.22439035773277283,0.7756096124649048,0.6283820867538452,0.0001794768322724849,0.0029164983425289392
shuffled,6,4908,4,instruct_base,ppo_step30,0.24150969088077545,0.7584903240203857,0.6459383368492126,0.0002467806334607303,0.003118409775197506
shuffled,6,1812,5,instruct_base,ppo_step30,0.24995774030685425,0.7500422596931458,0.6399102807044983,0.00015704221732448786,0.003477363381534815
shuffled,6,4478,6,instruct_base,ppo_step30,0.2657583951950073,0.7342416048049927,0.6728541254997253,0.00031408443464897573,0.0045317900367081165
shuffled,6,6075,7,instruct_base,ppo_step30,0.2703912854194641,0.7296087145805359,0.5401057004928589,2.2434604034060612e-05,0.0028043254278600216
shuffled,6,1084,8,instruct_base,ppo_step30,0.27301904559135437,0.7269809246063232,0.6730567812919617,0.00011217301653232425,0.001189033966511488
shuffled,6,2393,9,instruct_base,ppo_step30,0.2789785861968994,0.7210214138031006,0.5805360078811646,0.0004711266665253788,0.002983802231028676
shuffled,6,3198,10,instruct_base,ppo_step30,0.2802059054374695,0.7197940945625305,0.7263500690460205,0.0004262574657332152,0.0007852111011743546
shuffled,6,6041,11,instruct_base,ppo_step30,0.285771906375885,0.714228093624115,0.5345969796180725,0.0,0.015569614246487617
shuffled,6,1199,12,instruct_base,ppo_step30,0.2924531400203705,0.7075468301773071,0.7051982879638672,4.4869208068121225e-05,0.0020415489561855793
shuffled,6,5633,13,instruct_base,ppo_step30,0.29381969571113586,0.7061803340911865,0.5840450525283813,0.0009198187035508454,0.0018172028940171003
shuffled,6,2420,14,instruct_base,ppo_step30,0.2961404621601105,0.7038595676422119,0.6400138139724731,0.0010319917928427458,0.0025575447361916304
shuffled,6,6582,15,instruct_base,ppo_step30,0.299544095993042,0.700455904006958,0.6029331684112549,0.00015704221732448786,0.005294566508382559
shuffled,6,4045,16,instruct_base,ppo_step30,0.3001886010169983,0.6998113989830017,0.6649060249328613,0.0002916498342528939,0.0009198187035508454
shuffled,6,6803,17,instruct_base,ppo_step30,0.300989031791687,0.699010968208313,0.7329339981079102,6.730380846420303e-05,0.0009422533330507576
shuffled,6,7082,18,instruct_base,ppo_step30,0.3013140559196472,0.6986859440803528,0.6284536123275757,0.0,0.012226859107613564
shuffled,6,5623,19,instruct_base,ppo_step30,0.30139026045799255,0.6986097097396851,0.7339581847190857,0.004329878371208906,0.005877865944057703
shuffled,6,5465,20,instruct_base,ppo_step30,0.31144943833351135,0.688550591468811,0.662257730960846,4.4869208068121225e-05,0.0016152914613485336
shuffled,12,5428,1,instruct_base,ppo_step30,0.1336328536272049,0.8663671612739563,0.5629781484603882,0.0002916498342528939,0.0013685107696801424
shuffled,12,4451,2,instruct_base,ppo_step30,0.14259417355060577,0.8574058413505554,0.49235203862190247,0.0001794768322724849,0.0018172028940171003
shuffled,12,4594,3,instruct_base,ppo_step30,0.14484764635562897,0.8551523685455322,0.6568370461463928,0.0002019114326685667,0.0006730380700901151
shuffled,12,6142,4,instruct_base,ppo_step30,0.15400898456573486,0.8459910154342651,0.5090938806533813,0.0002916498342528939,0.0008525149314664304
shuffled,12,188,5,instruct_base,ppo_step30,0.15557542443275452,0.8444246053695679,0.44004422426223755,0.000448692066129297,0.0004262574657332152
shuffled,12,5248,6,instruct_base,ppo_step30,0.1591903567314148,0.8408096432685852,0.6172319054603577,0.0002243460330646485,0.0005159958964213729
shuffled,12,3240,7,instruct_base,ppo_step30,0.16824963688850403,0.8317503929138184,0.5729444622993469,0.00033651903504505754,0.0013012069975957274
shuffled,12,1697,8,instruct_base,ppo_step30,0.168827086687088,0.8311729431152344,0.5291189551353455,0.00011217301653232425,0.002894063713029027
shuffled,12,5498,9,instruct_base,ppo_step30,0.17405152320861816,0.8259484767913818,0.4870932400226593,2.2434604034060612e-05,0.0030735405161976814
shuffled,12,3181,10,instruct_base,ppo_step30,0.17407408356666565,0.8259259462356567,0.45682036876678467,0.0002692152338568121,0.007605330552905798
shuffled,12,6451,11,instruct_base,ppo_step30,0.17550474405288696,0.824495255947113,0.4662144184112549,2.2434604034060612e-05,0.004913178272545338
shuffled,12,4877,12,instruct_base,ppo_step30,0.17696818709373474,0.8230317831039429,0.4607997536659241,6.730380846420303e-05,0.004329878371208906
shuffled,12,6149,13,instruct_base,ppo_step30,0.17997628450393677,0.8200237154960632,0.4988410770893097,0.0002916498342528939,0.004890743643045425
shuffled,12,5373,14,instruct_base,ppo_step30,0.18067121505737305,0.819328784942627,0.48006951808929443,0.0002019114326685667,0.0021985911298543215
shuffled,12,3763,15,instruct_base,ppo_step30,0.18373243510723114,0.8162675499916077,0.5548471212387085,0.0002467806334607303,0.0013460761401802301
shuffled,12,2639,16,instruct_base,ppo_step30,0.18799114227294922,0.8120088577270508,0.541808545589447,0.0002467806334607303,0.0004038228653371334
shuffled,12,1566,17,instruct_base,ppo_step30,0.19394230842590332,0.8060576915740967,0.6118838787078857,0.00015704221732448786,0.0007179073290899396
shuffled,12,2756,18,instruct_base,ppo_step30,0.19446763396263123,0.8055323362350464,0.4487731456756592,0.0002019114326685667,0.004509355407208204
shuffled,12,4390,19,instruct_base,ppo_step30,0.19655722379684448,0.8034427762031555,0.5664341449737549,0.0001794768322724849,0.0008300803019665182
shuffled,12,794,20,instruct_base,ppo_step30,0.2000035047531128,0.7999964952468872,0.49263304471969604,0.0002243460330646485,0.001794768264517188
shuffled,18,936,1,instruct_base,ppo_step30,0.2229175865650177,0.7770824432373047,0.8146075010299683,0.000448692066129297,0.000448692066129297
shuffled,18,3113,2,instruct_base,ppo_step30,0.23368433117866516,0.7663156986236572,0.647230863571167,6.730380846420303e-05,0.002894063713029027
shuffled,18,5585,3,instruct_base,ppo_step30,0.24708199501037598,0.752918004989624,0.6961513757705688,0.0,0.0014582491712644696
shuffled,18,4824,4,instruct_base,ppo_step30,0.25500762462615967,0.7449923753738403,0.7641560435295105,0.0001794768322724849,0.0002916498342528939
shuffled,18,5643,5,instruct_base,ppo_step30,0.2796197831630707,0.7203801870346069,0.5275167226791382,0.00013460761692840606,0.006012473721057177
shuffled,18,5904,6,instruct_base,ppo_step30,0.2969233989715576,0.7030766010284424,0.7512392401695251,0.0002692152338568121,0.0010544263059273362
shuffled,18,1120,7,instruct_base,ppo_step30,0.3044479191303253,0.6955521106719971,0.7210663557052612,0.0002692152338568121,0.0016601606039330363
shuffled,18,1580,8,instruct_base,ppo_step30,0.30835840106010437,0.6916415691375732,0.6950624585151672,0.00013460761692840606,0.002737021539360285
shuffled,18,4871,9,instruct_base,ppo_step30,0.3169534206390381,0.6830465793609619,0.6735706925392151,0.0016152914613485336,0.0
shuffled,18,4304,10,instruct_base,ppo_step30,0.339152067899704,0.6608479022979736,0.7764284014701843,4.4869208068121225e-05,0.002019114326685667
shuffled,18,4381,11,instruct_base,ppo_step30,0.33968010544776917,0.6603199243545532,0.7553927898406982,2.2434604034060612e-05,0.0032978865783661604
shuffled,18,3089,12,instruct_base,ppo_step30,0.34043174982070923,0.6595682501792908,0.7759462594985962,2.2434604034060612e-05,0.0017050298629328609
shuffled,18,3727,13,instruct_base,ppo_step30,0.34353193640708923,0.6564680337905884,0.6996037364006042,6.730380846420303e-05,0.0009422533330507576
shuffled,18,1071,14,instruct_base,ppo_step30,0.34534192085266113,0.6546580791473389,0.7282810211181641,0.0003813882649410516,0.0007403419003821909
shuffled,18,543,15,instruct_base,ppo_step30,0.3508191406726837,0.6491808891296387,0.6535975337028503,0.0006730380700901151,0.0030062368605285883
shuffled,18,4409,16,instruct_base,ppo_step30,0.35293465852737427,0.6470653414726257,0.540821373462677,0.0002019114326685667,0.003589536529034376
shuffled,18,5750,17,instruct_base,ppo_step30,0.355468213558197,0.644531786441803,0.5828208327293396,0.0008525149314664304,0.006820119451731443
shuffled,18,1748,18,instruct_base,ppo_step30,0.3659324049949646,0.6340675950050354,0.7545920014381409,0.0002019114326685667,0.0027818907983601093
shuffled,18,6768,19,instruct_base,ppo_step30,0.3683262765407562,0.6316736936569214,0.745154619216919,6.730380846420303e-05,0.0013012069975957274
shuffled,18,6373,20,instruct_base,ppo_step30,0.3840513825416565,0.6159486174583435,0.4547119736671448,0.00031408443464897573,0.0019966796971857548
shuffled,23,6210,1,instruct_base,ppo_step30,0.07649187743663788,0.9235081076622009,0.1920463591814041,0.000448692066129297,0.0010992955649271607
shuffled,23,292,2,instruct_base,ppo_step30,0.28655150532722473,0.7134485244750977,0.5371156334877014,0.002378067933022976,0.006326558068394661
shuffled,23,6386,3,instruct_base,ppo_step30,0.3383771479129791,0.6616228818893433,0.6104587316513062,0.0022658950183540583,0.003589536529034376
shuffled,23,4877,4,instruct_base,ppo_step30,0.36490654945373535,0.6350934505462646,0.6258228421211243,0.0004038228653371334,0.0030959751456975937
shuffled,23,5113,5,instruct_base,ppo_step30,0.4084175229072571,0.5915824770927429,0.6395004987716675,0.004127967171370983,0.005855431314557791
shuffled,23,1574,6,instruct_base,ppo_step30,0.4237658381462097,0.5762341618537903,0.7295198440551758,0.002243460388854146,0.002759456168860197
shuffled,23,4655,7,instruct_base,ppo_step30,0.4342449903488159,0.5657550096511841,0.6625648736953735,0.0020639835856854916,0.004015794023871422
shuffled,23,726,8,instruct_base,ppo_step30,0.4536516070365906,0.5463483929634094,0.6020914316177368,0.0013909453991800547,0.0046439627185463905
shuffled,23,6981,9,instruct_base,ppo_step30,0.45902591943740845,0.5409740805625916,0.45410647988319397,0.004509355407208204,0.010476959869265556
shuffled,23,2761,10,instruct_base,ppo_step30,0.4607997238636017,0.5392003059387207,0.5679166316986084,0.0020639835856854916,0.00547404307872057
shuffled,23,5596,11,instruct_base,ppo_step30,0.4623386859893799,0.5376613140106201,0.6290789246559143,0.0008525149314664304,0.0026921522803604603
shuffled,23,6628,12,instruct_base,ppo_step30,0.4633808732032776,0.5366191267967224,0.7565153241157532,0.0024453718215227127,0.002983802231028676
shuffled,23,3737,13,instruct_base,ppo_step30,0.47317934036254883,0.5268206596374512,0.475627601146698,0.010656436905264854,0.018800197169184685
shuffled,23,7007,14,instruct_base,ppo_step30,0.47551771998405457,0.524482250213623,0.5446454882621765,0.0016152914613485336,0.003970924764871597
shuffled,23,6337,15,instruct_base,ppo_step30,0.47652310132980347,0.5234768986701965,0.5865796208381653,0.0018845066661015153,0.005451608449220657
shuffled,23,480,16,instruct_base,ppo_step30,0.47962814569473267,0.5203718543052673,0.5206031799316406,0.0034100597258657217,0.007582895923405886
shuffled,23,1438,17,instruct_base,ppo_step30,0.48625198006629944,0.513748049736023,0.5397650599479675,0.0010992955649271607,0.010432090610265732
shuffled,23,450,18,instruct_base,ppo_step30,0.4887429475784302,0.5112570524215698,0.7444782257080078,0.002512675477191806,0.005249697249382734
shuffled,23,3320,19,instruct_base,ppo_step30,0.48895153403282166,0.511048436164856,0.44657739996910095,0.013415892608463764,0.030039934441447258
shuffled,23,3901,20,instruct_base,ppo_step30,0.4910314977169037,0.5089684724807739,0.7176597118377686,0.003477363381534815,0.0036344057880342007
